<?xml version="1.0" encoding="UTF-8"?>
<project-private xmlns="http://www.netbeans.org/ns/project-private/1">
    <editor-bookmarks xmlns="http://www.netbeans.org/ns/editor-bookmarks/2" lastBookmarkId="0"/>
    <open-files xmlns="http://www.netbeans.org/ns/projectui-open-files/2">
        <group>
            <file>file:/C:/Users/Maria%20Laura/Documents/RS%20CARLA/RSatualzzao/web/TelaCriarConta.jsp</file>
            <file>file:/C:/Users/Maria%20Laura/Documents/RS%20CARLA/RSatualzzao/web/TelaEsqueceuSuaSenha.jsp</file>
            <file>file:/C:/Users/Maria%20Laura/Documents/RS%20CARLA/RSatualzzao/web/TelaConfiguracoes.jsp</file>
            <file>file:/C:/Users/Maria%20Laura/Documents/RS%20CARLA/RSatualzzao/web/NovaTelaUsuario.jsp</file>
            <file>file:/C:/Users/Maria%20Laura/Documents/RS%20CARLA/RSatualzzao/web/TelaEditarPerfil.jsp</file>
            <file>file:/C:/Users/Maria%20Laura/Documents/RS%20CARLA/RSatualzzao/web/TelaLogin.jsp</file>
            <file>file:/C:/Users/Maria%20Laura/Documents/RS%20CARLA/RSatualzzao/web/TelaQuero.jsp</file>
            <file>file:/C:/Users/Maria%20Laura/Documents/RS%20CARLA/RSatualzzao/web/TelaPerfil.jsp</file>
            <file>file:/C:/Users/Maria%20Laura/Documents/RS%20CARLA/RSatualzzao/web/TelaDoarLivro.jsp</file>
            <file>file:/C:/Users/Maria%20Laura/Documents/RS%20CARLA/RSatualzzao/web/NovaTelaInicial.jsp</file>
            <file>file:/C:/Users/Maria%20Laura/Documents/RS%20CARLA/RSatualzzao/web/TelaFaleConosco.jsp</file>
            <file>file:/C:/Users/Maria%20Laura/Documents/RS%20CARLA/RSatualzzao/web/TelaQuemSomos.jsp</file>
        </group>
    </open-files>
</project-private>
